empid,name,sal,dept
,,,
,,,
,,,
,,,
,,,
106,Emily Davis,61000,HR
107,Chris Martin,57000,Finance
108,Amanda Lee,59000,Marketing
109,Robert King,54000,IT
110,Laura Scott,63000,HR
111,Daniel Turner,56000,Finance
112,Olivia Harris,60500,Marketing
113,Ethan Walker,57500,IT
114,Grace Young,61500,HR
115,Brandon Hill,58500,Finance
116,Mia Adams,59500,Marketing
117,Kevin Baker,54500,IT
118,Zoe Clark,62500,HR
119,Jason Wright,56500,Finance
120,Nora Green,60000,Marketing
121,Tyler Evans,55000,IT
122,Sophia Mitchell,62000,HR
123,Logan Perez,58000,Finance
124,Chloe Roberts,61000,Marketing
125,Liam Stewart,59000,IT
